ID,Date,Pic Date,Pic Time,Arm          Left Upper,Arm          Left Lower,Arm          Right Upper,Arm          Right Lower,Leg             Left Upper,Leg             Left Lower,Leg             Right Upper,Leg             Right Lower,Head               Length,Head Width,Trunk Length,Trunk Width,Tail Length,Tail Width,Pic.Num
DSCN3927.JPG,,9/27/2013,09:02,NA,NA,3.97781171,5.218627885,3.001441154,5.077001477,2.499064825,5.324769479,12.0537965,7.992518314,19.25062331,6.650428107,24.9123201,3.654356989,1
DSCN3928.JPG,,9/27/2013,09:05,NA,NA,4.512069259,5.106184975,4.724118965,3.105718113,2.952647117,5.116908637,11.35702963,6.979019989,20.01084596,6.030515069,27.12977945,3.165221161,1
DSCN3929.JPG,,9/27/2013,09:12,3.706369248,5.10562435,3.906448131,4.164463471,2.751605531,5.009883132,3.104723176,4.956480707,11.65131443,7.234325124,23.29930748,5.846033955,31.13971042,4.04096783,1
DSCN3930.JPG,,9/27/2013,09:13,3.900336011,4.086654989,3.460449971,4.458854113,2.984207097,4.729726948,2.841363053,6.178077775,11.15597297,7.129257184,20.11392955,4.880067622,19.92740287,3.323154074,1
DSCN3931.JPG,,9/27/2013,09:17,3.781137395,4.458823724,3.714092352,4.24473521,2.453656251,4.511993794,2.774877655,4.836108353,10.33954781,6.274388655,18.73901804,4.691077701,22.22848589,2.635532963,1
DSCN3932.JPG,,9/27/2013,09:18,3.982080361,4.739948523,3.950619319,4.561228343,2.833487251,4.586225136,2.384168199,4.829579899,10.96098066,6.983675895,20.71354943,5.438316375,27.02369379,3.387658779,1
DSCN3933.JPG,,9/27/2013,09:21,4.121073283,4.948217962,3.904486906,5.043485799,3.049710314,5.864743643,3.100694438,6.250179517,13.56464098,8.272225456,27.79945007,7.277945933,42.19540995,4.759701881,1
DSCN3934.JPG,,9/27/2013,09:22,3.961440395,4.875465619,3.338512393,5.123096037,3.592017957,4.96216485,2.757543835,6.384463172,13.19429346,8.05707602,25.15663056,6.667178189,39.05803596,4.613827262,1
DSCN3935.JPG,,9/27/2013,09:27,3.36770842,5.058977861,3.786528753,4.926011064,3.052265388,4.673584064,3.682622028,5.208303467,12.35504241,7.678081075,24.67857929,5.899973305,32.48106878,3.801395139,1
DSCN3936.JPG,,9/27/2013,09:29,3.176743616,3.431469947,2.377713187,3.692441604,1.59494514,3.180433304,1.773722075,3.262521877,9.367873825,6.700715335,16.12995648,6.485433293,19.47243562,3.947180513,1
DSCN3937.JPG,,9/27/2013,09:31,4.28684511,4.556586661,3.985249302,5.039072335,2.38488071,4.389437891,2.63184289,4.597434067,11.26415944,6.891942252,20.36990812,5.808918746,26.73303309,3.195,1
DSCN3938.JPG,,9/27/2013,09:33,1.930108028,3.554751327,2.013236697,3.478103075,2.38915822,4.093488121,1.971432474,3.791654652,10.45702233,7.394036786,17.01241805,6.682146137,22.99676032,3.735683338,1
DSCN3939.JPG,,9/27/2013,09:37,1.465887445,2.449277649,1.741333971,3.755487718,2.528095726,4.280963093,2.071545317,4.253083587,11.62729586,7.185787222,16.98484766,6.942406283,21.33805317,3.6523309,1
DSCN3940.JPG,,9/27/2013,09:39,2.888705246,4.293063475,2.907546216,4.314977173,2.454001834,4.901481511,2.613676529,4.253812525,11.87982092,7.768870252,19.58938335,7.646426159,27.90667513,4.391076975,1
DSCN3941.JPG,,9/27/2013,09:41,2.699621455,3.857531076,2.47983568,3.687000136,2.147782577,4.346124941,2.492407872,3.6980914,10.68263132,7.528547337,17.91709709,7.370779131,22.21190053,3.739339514,1
DSCN3942.JPG,,9/27/2013,10:00,2.354662609,3.931977874,2.45755651,3.845722039,1.765199705,3.994886732,2.487401254,4.637269563,10.93305749,8.098056866,17.84639196,7.439496287,24.42026257,4.385810301,1
DSCN3943.JPG,,9/27/2013,10:02,3.073551691,3.974229611,3.24860093,4.539438291,3.214866716,3.914131449,2.036586605,5.488712144,11.50531638,7.787486437,20.02641101,7.291904621,27.4288917,3.664234163,1
DSCN3944.JPG,,9/27/2013,10:15,3.076229185,4.450532552,3.357051683,5.415020776,2.320864063,5.786840675,2.935705196,5.728775175,11.92920471,7.957928939,22.63332103,6.78659097,32.17690812,4.273,1
DSCN3945.JPG,,9/27/2013,10:19,3.986899547,4.437098151,4.469139626,5.08750715,2.65,5.816317478,3.29197342,5.313305751,12.39829605,8.100347215,22.82231726,7.549049808,32.16076171,4.430441287,1
DSCN3946.JPG,,9/27/2013,10:35,3.821440566,4.823320433,4.230139596,5.614004809,3.180597428,4.639545236,3.093570914,6.659243951,12.90707171,8.070979247,24.989231,7.395537303,37.02629775,4.574287376,1
DSCN3947.JPG,,9/27/2013,10:37,2.44766215,5.657995581,4.388294657,5.515528352,3.308100361,5.788706937,3.524503511,5.990254168,11.83953926,7.449671671,22.64397227,6.512862658,30.06662735,3.270859979,1
DSCN3948.JPG,,9/27/2013,10:48,,,,,,,,,,,,,,,1
DSCN3949.JPG,,9/27/2013,11:00,2.975847106,3.878884505,2.788178079,3.416133048,2.341171715,3.769159588,2.151015807,4.380703254,11.54602499,7.757884505,18.78433435,7.746697167,25.9213816,4.832321388,1
DSCN3950.JPG,,9/27/2013,11:07,4.088845436,5.389940445,4.158586539,5.38421712,2.993061977,6.047589354,3.23908521,6.051279617,12.85216495,7.545415827,25.25864614,6.352116576,32.91990524,4.109304199,1
DSCN3951.JPG,,9/27/2013,11:08,,,,,,,,,,,,,,,1
DSCN3952.JPG,,9/27/2013,11:09,,,,,,,,,,,,,,,1
DSCN3953.JPG,,9/27/2013,11:10,,,,,,,,,,,,,,,1
DSCN3954.JPG,,9/27/2013,11:27,,,,,,,,,,,,,,,1
DSCN3955.JPG,,9/27/2013,11:32,,,,,,,,,,,,,,,1
DSCN3956.JPG,,9/27/2013,11:32,,,,,,,,,,,,,,,1
DSCN3957.JPG,,9/27/2013,11:44,3.532,4.998184971,4.292893197,5.197714113,2.581430805,5.602103176,3.351337196,5.1736318,11.43265398,7.40373345,22.76149426,5.824485728,28.3988988,3.781639988,1
DSCN3958.JPG,,9/27/2013,11:45,3.779714804,5.670827277,4.074690295,5.349782519,2.754372887,5.565221739,2.512162614,5.587614965,11.23645389,7.520509624,22.0191595,5.883373352,27.61971167,3.551791942,1
DSCN3959.JPG,,9/27/2013,11:46,4.356815925,5.405448825,4.126727032,5.396493769,2.973747804,6.000045416,3.037925937,5.762037574,12.82336356,7.657188061,24.97055051,6.38402334,34.3147692,4.252478336,1
DSCN3960.JPG,,9/27/2013,11:46,4.40468353,4.937933272,3.903987321,6.099559328,2.76325985,6.353396729,2.721385676,6.060476879,11.82739227,8.090578471,27.06427167,6.637827355,35.99737775,4.416633333,1
DSCN3961.JPG,,9/27/2013,12:06,4.01946688,4.897001634,3.843213369,5.81003907,2.486919379,5.895277856,3.421827728,5.236136935,12.06997568,7.376533197,25.58014333,6.091034231,34.45899222,4.309142374,1
DSCN3962.JPG,,9/27/2013,12:07,3.517695979,5.299129174,3.791343034,5.832887192,2.484300505,5.494087731,2.960527318,5.824107314,12.24561052,7.353378135,23.57261523,7.346481675,27.31927278,3.805829739,1
DSCN3963.JPG,,9/27/2013,12:08,4.007816488,4.928930208,3.85680308,5.243020599,2.705278174,6.590513258,2.926106116,5.99644503,12.13487643,7.762607101,22.84636641,5.701,28.5433982,3.6742108,1
DSCN3964.JPG,,9/27/2013,12:09,4.153896484,5.134431419,3.484150686,6.338959694,2.850884073,5.780702466,2.943222893,5.44596043,12.29526413,7.796138788,25.65083897,5.703948194,33.61395361,4.255241121,1
DSCN3965.JPG,,9/27/2013,12:10,3.346090854,3.678287645,3.111220018,4.099736821,2.424231837,5.256309066,2.253581372,4.931701532,10.14683325,6.677259093,19.48236177,5.037135893,22.04497716,2.708047267,1
DSCN3966.JPG,,9/27/2013,12:24,3.689948509,4.254727841,3.456987417,4.063245132,3.087252014,5.227827273,2.852037868,5.464326948,12.99071118,9.469250446,24.63992731,10.1578258,32.82588395,5.761069432,1
DSCN3967.JPG,,9/27/2013,12:33,4.413181279,4.786659169,4.258303183,5.328906173,2.804158341,6.719360163,1.8006335,6.07250105,13.05756869,8.427794314,26.54392002,8.043854362,33.84865876,4.819701236,1
DSCN3968.JPG,,9/27/2013,12:34,3.528214988,4.527115859,4.089599125,6.07085933,2.639327376,5.689520279,2.772309146,5.642310608,12.28856314,7.206163612,24.1734772,6.408699712,30.63965489,4.1366843,1
DSCN3969.JPG,,9/27/2013,12:35,3.855114136,4.452204959,3.939185322,5.525587028,3.21442281,4.846813799,2.283614022,5.001289634,11.20047253,7.285218459,22.07509243,6.462792585,31.32202205,3.704663278,1
DSCN3970.JPG,,9/27/2013,12:50,4.180891053,5.388208329,4.196442898,5.381948532,2.649485422,5.618056603,3.050692053,4.962656748,12.43527905,7.8901474,24.93510981,7.301576611,35.97513347,5.125896702,1
DSCN3971.JPG,,9/27/2013,12:51,3.880508343,4.835285307,3.899819996,5.230126289,2.307261797,5.487867528,2.983766914,5.774404645,10.97060017,7.772955422,22.33996106,5.75209049,30.05401155,4.206281612,1
DSCN3972.JPG,,9/27/2013,12:53,3.224359316,5.531626253,4.931609271,5.239862594,2.958,6.019084731,2.858073652,6.185287382,12.69422156,7.834931525,24.31254002,6.564940822,34.30420688,4.194670547,1
DSCN3973.JPG,,9/27/2013,12:56,3.281826473,5.049368772,3.401023963,5.498011459,2.390852986,4.86755267,2.840302977,5.562618538,12.33688721,9.186369468,21.79520911,8.618948718,30.73087836,5.481678028,1
DSCN3974.JPG,,9/27/2013,12:58,3.225576848,4.493261176,2.966747883,4.628183769,1.903400116,4.877347742,2.422049752,4.516824659,11.91796715,8.457987054,20.25008489,8.197309925,28.2835758,5.049198946,1
DSCN3975.JPG,,9/27/2013,13:03,3.214953343,3.234907263,2.402171101,2.839008982,4.297511489,2.753964415,2.365997675,2.669754296,9.77851139,7.455760189,17.07332624,7.334884594,23.77090291,4.696400537,1
DSCN3976.JPG,,9/27/2013,13:12,4.157932299,5.081962318,4.081448885,5.645338254,2.927840501,4.716940216,3.853789434,4.621148126,11.01915278,7.244121824,20.8536884,5.091232071,27.08327665,3.394531632,1
DSCN3977.JPG,,9/27/2013,13:13,3.735969218,4.692220796,3.930580746,4.811149759,2.773878873,6.168029183,3.005036106,4.960758511,10.83452629,6.805413286,19.65222891,5.564505459,22.06592491,2.989284363,1
DSCN3979.JPG,,9/27/2013,13:18,3.296603859,3.752855446,2.791679244,4.276839137,2.211956826,4.195470534,2.663770448,3.807073023,11.00258415,8.115297284,18.78009225,6.935785824,24.07903788,4.460630561,1
DSCN3980.JPG,,9/27/2013,13:21,3.335225929,4.462019834,3.070024918,3.853272505,2.148743354,3.711933728,2.670216471,4.539051112,11.18313789,8.267673191,18.88438307,7.961180126,25.03837529,4.882335609,1
DSCN3981.JPG,,9/27/2013,13:23,2.315195888,4.610985578,3.634372023,5.696113763,1.976081476,3.813485151,2.520355729,4.885865839,13.15318627,8.529559543,21.80345633,8.42743674,30.9328467,5.443013871,1
DSCN3982.JPG,,9/27/2013,13:29,3.987460972,5.027069922,3.985035132,4.514952602,2.622512726,5.042201999,2.456270751,4.479486243,11.15033905,6.484165636,20.23145929,6.284097469,25.67744444,3.728230143,1
DSCN3983.JPG,,9/27/2013,13:31,3.586320817,4.277095276,3.725801927,4.140034903,2.318566152,4.627638815,2.763806976,4.994448218,10.92275441,6.255358183,17.87805029,4.857150193,22.89048431,3.160435571,1
DSCN3984.JPG,,9/27/2013,13:32,3.035933135,4.112231754,2.865914339,4.888175529,2.218302279,3.876561363,1.813769555,4.849579982,11.21261597,8.299854577,16.57973251,7.430426636,26.28187257,4.398155636,1
DSCN3985.JPG,,9/27/2013,13:33,3.638198455,4.370523081,3.765112083,4.109785883,2.949932372,4.101867014,2.218077771,4.223616697,10.1055789,6.955619886,19.46876301,6.424952996,22.82379822,2.949932372,1
DSCN3986.JPG,,9/27/2013,13:35,2.882,4.478837796,3.670091688,3.981337715,2.628844994,5.088254907,3.020935286,4.19571746,12.6181803,9.947157634,22.08624572,8.990423794,31.14314371,4.86,1
DSCN3987.JPG,,9/27/2013,13:36,3.561202746,4.25374388,3.492255002,4.592995101,2.843286303,4.886,2.871440405,5.113564804,12.94378866,9.666432744,22.3526557,8.679290582,31.15958023,4.962137946,1
DSCN3988.JPG,,9/27/2013,13:38,3.964882092,6.066889978,4.211176676,5.609827181,3.046004924,6.446685505,3.28859879,6.718806218,13.45348747,8.9693211,28.32140816,7.810048015,39.07833508,4.857061251,1
DSCN3989.JPG,,9/27/2013,13:39,,,,,,,,,,,,,,,1
DSCN3990.JPG,,9/27/2013,13:52,2.802257661,4.492029052,2.377858701,5.241069452,2.366237731,4.712300924,2.281750425,4.587489074,11.6281416,7.911676055,20.02830607,7.708889674,27.20355846,4.897571337,1
DSCN3991.JPG,,9/27/2013,13:56,3.500409833,5.161457159,4.437431802,5.499855453,3.451639176,4.973238884,2.985422081,5.297423619,12.40102274,7.839624034,23.27355551,6.871421541,35.17770051,4.884838278,1
DSCN3992.JPG,,9/27/2013,13:57,3.773014312,5.419461412,3.497804168,5.420853162,2.403667406,4.419264758,2.683654225,5.560191543,11.21044245,6.775570972,20.95735348,5.344964733,26.74676274,3.705221316,1
DSCN3993.JPG,,9/27/2013,13:59,3.229636822,4.851801418,3.208414718,5.447526595,2.705853839,6.393989678,3.262595592,4.304431437,13.53377423,8.382983359,26.91244534,6.77340424,42.61587058,4.680618122,1
DSCN3994.JPG,,9/27/2013,14:00,4.065906295,5.422575495,2.799823209,6.294665678,2.460816531,6.375368303,2.465617164,5.384854408,11.73375443,7.30089652,22.45189435,5.929111654,29.79769632,3.373112806,1
DSCN3995.JPG,,9/27/2013,14:01,2.82969274,3.95959253,2.354145493,3.205660774,2.220548131,4.879142958,2.295782655,4.640821156,11.03811673,9.263003455,18.65228278,7.033317354,25.16181591,4.294665761,1
DSCN3996.JPG,,9/27/2013,14:02,2.419391866,4.089782513,2.653465847,3.957332688,2.427099092,4.437378731,2.096256187,4.512390165,11.20707138,8.184495708,17.56333365,7.883480069,23.5335676,4.608983402,1
DSCN3997.JPG,,9/27/2013,14:10,3.394277685,4.150511414,3.252482129,4.309457739,2.413646619,5.832268855,2.608771742,5.300991322,12.85091787,9.264545105,23.8155158,9.196146367,32.63880418,5.532782392,1
DSCN3998.JPG,,9/27/2013,14:11,,,,,,,,,,,,,,,1
DSCN3999.JPG,,9/27/2013,14:13,,,,,,,,,,,,,,,1
DSCN4000.JPG,,9/27/2013,14:20,3.539709593,4.354536026,3.116902469,4.606308717,2.444956032,4.428929668,2.277340774,5.019318778,11.69108126,8.53665602,19.34369132,7.836015824,27.30162158,4.741437018,1
DSCN4001.JPG,,9/27/2013,14:21,,,,,,,,,,,,,,,1
DSCN4002.JPG,,9/27/2013,14:23,3.370189906,4.040387358,2.697174262,4.976260544,2.301504942,5.349511847,2.098638845,4.454999551,11.39703317,8.414689061,18.87834593,7.65022516,26.13402198,4.127735578,1
DSCN4003.JPG,,9/27/2013,14:25,2.591719506,3.259479253,3.11208435,4.42151569,2.492007223,4.786085875,2.36366347,3.320472256,11.89935679,8.379164278,18.70457575,7.766275813,25.9054683,4.506620241,1
DSCN4004.JPG,,9/27/2013,14:35,4.197177742,5.309075249,4.27404539,5.473620009,2.352827448,4.675865374,2.595373769,4.631696126,11.15707784,7.373943314,20.51697327,5.453176872,24.76914262,3.124054417,1
DSCN4005.JPG,,9/27/2013,14:36,4.18783536,4.355198503,3.559186002,5.060498987,2.207120296,5.79255315,2.725057798,5.363385964,11.86412749,7.730026973,22.84341273,6.908591897,30.9585556,4.332863372,1
DSCN4006.JPG,,9/27/2013,14:38,4.162834611,5.213851168,4.300837244,4.247529753,2.788518782,5.416840777,2.889584918,4.67651259,10.53539392,6.881116915,19.28527547,5.004136789,24.37946359,3.047909776,1
DSCN4007.JPG,,9/27/2013,14:39,3.836130994,4.409163753,3.517966032,4.92939479,2.052002193,5.279735315,1.740839165,5.21613583,10.94494591,6.957086315,20.01993369,4.97569975,24.27972366,3.526225461,1
DSCN4009.JPG,,9/27/2013,14:40,3.492764235,3.49255952,3.654295691,4.656125643,2.40577846,4.181482273,2.338051539,4.373625041,10.17360556,6.537804295,18.35276505,5.349234712,20.90639512,3.415757603,1
DSCN4011.JPG,,9/27/2013,14:42,,,,,,,,,,,,,,,1
DSCN4012.JPG,,9/27/2013,14:43,4.11549511,5.036241456,3.460240599,5.827875256,3.079210451,5.922275661,3.240943073,4.964287764,11.87294757,7.906342264,24.13083697,6.649756838,35.22514854,4.817677656,1
DSCN4014.JPG,,9/27/2013,14:45,4.050214439,4.926342457,3.929446271,5.545121279,1.322928947,7.686922011,2.899,5.926477875,13.21288209,8.035953024,25.4570032,6.901933715,36.30111062,4.784334645,1
DSCN4015.JPG,,9/27/2013,14:46,3.57254979,5.644846942,4.156808872,4.84897185,2.299,5.933188856,2.67785007,5.326238541,12.38463645,7.5519134,25.00075305,6.708319909,33.54432748,4.447162354,1
DSCN4016.JPG,,9/30/2013,09:02,2.47764606,4.180001914,3.056014725,4.128195732,2.191727401,4.159325065,2.355898979,4.857818132,10.65790092,7.609186685,17.88315677,7.625586469,21.23170031,3.979628123,1
DSCN4017.JPG,,9/30/2013,09:02,2.728492991,3.80583368,3.28179844,3.617657944,2.01,4.180295324,2.424141291,4.079245641,11.26287113,7.522194494,18.58580472,7.178547555,21.28461484,3.512561743,1
DSCN4018.JPG,,9/30/2013,09:02,2.79488837,3.767315357,3.014249492,3.80444214,1.91046408,4.096586994,2.534479828,4.747240567,11.13421906,7.611302123,18.34441247,7.073982188,21.42630556,3.800709407,1
DSCN4019.JPG,,9/30/2013,09:03,2.98080526,3.781832625,3.122242303,3.80180615,1.96062235,4.51644152,2.520321011,4.170526705,10.6606027,7.436903119,18.10648116,6.934800934,21.64907483,3.989573536,1
DSCN4020.JPG,,9/30/2013,09:04,3.09307824,4.402629782,2.66660177,3.824908888,2.119236183,4.806872788,2.383612594,4.612473198,10.93467261,7.638702508,18.61386763,7.702066476,23.58965631,4.308668704,1
DSCN4021.JPG,,9/30/2013,09:05,2.998322865,4.853840129,2.52752547,4.369735118,2.3915311,4.298703293,2.106713554,3.999748117,11.29252766,8.283255037,20.48021997,7.680786223,25.50093185,4.664526771,1
DSCN4022.JPG,,9/30/2013,09:17,2.670537212,3.562808162,2.661422364,3.922786,2.166805944,3.809198603,2.055841677,3.872946424,9.887310049,7.187333094,17.11007916,6.381649395,20.21848723,3.68838447,1
DSCN4023.JPG,,9/30/2013,09:18,2.902468777,3.528049461,2.821597065,3.990926709,2.796452932,3.997057418,1.952303767,3.234041434,9.786837334,7.108851454,17.61507857,6.97603469,20.57436378,3.191227037,1
DSCN4024.JPG,,9/30/2013,09:19,2.747587487,3.753717224,2.803669025,4.006444434,2.549207328,4.320751092,1.951296236,4.190136633,11.00226631,7.309805059,19.18964017,7.6460291,21.46939275,4.357137822,1
DSCN4025.JPG,,9/30/2013,09:20,2.876299011,4.664958414,3.132293249,4.993410458,2.345626782,4.370727285,2.411888264,4.56752723,10.69021426,8.059544652,19.57263746,7.319754436,24.0939425,4.146153519,1
DSCN4026.JPG,,9/30/2013,09:31,2.022299928,5.325076713,3.083681566,5.394367896,2.549852153,5.739414953,2.960540829,4.808012167,14.70572168,9.605289584,25.28703953,9.0962788,35.94123922,5.644621156,1
DSCN4027.JPG,,9/30/2013,09:38,3.090624047,4.148822725,2.816662564,4.108361839,1.939564126,3.629391409,2.104019962,3.840656454,9.340291216,7.309554638,16.90921689,7.085366116,20.52218902,3.690925629,1
DSCN4028.JPG,,9/30/2013,09:38,2.546105457,4.765016789,3.332726511,4.359222408,2.234655454,4.672875132,2.964764409,4.350206662,11.12296943,8.521220629,19.26392213,7.232887114,26.2477724,4.508,1
DSCN4029.JPG,,9/30/2013,09:39,3.057189559,4.038549492,2.90945012,4.364133133,1.748153311,3.868943008,1.865122516,4.006084997,10.72213733,7.649207541,19.63941924,7.963039621,25.48946443,4.601210819,1
DSCN4030.JPG,,9/30/2013,09:52,2.876060152,5.279429609,3.998540359,5.221946955,2.137730105,5.225802331,3.144842762,4.466058889,11.93148109,8.581474116,21.45022746,8.424726583,27.28448094,5.044633783,1
DSCN4031.JPG,,9/30/2013,09:53,2.697255086,3.954620715,2.738683078,4.317039032,1.870005615,4.152804594,2.247436317,4.166682373,10.10959589,7.285119628,18.39289999,6.999845713,21.74508004,4.17128877,1
DSCN4032.JPG,,9/30/2013,09:53,2.961372148,4.228414597,2.564970565,4.168524079,2.557073523,3.510395989,2.009460127,3.974466505,9.609947815,7.441703367,18.63269524,6.724251631,22.24713128,4.059783738,1
DSCN4033.JPG,,9/30/2013,10:02,3.031238031,4.557300188,3.329613191,4.275194148,2.657250082,4.688377118,2.8038363,5.096149527,9.459879598,6.424460211,17.62827734,4.502058307,17.38665431,3.123652509,1
DSCN4034.JPG,,9/30/2013,10:07,3.073055971,4.598926505,3.172810269,4.522995136,2.450046734,4.448965385,2.732250538,4.673387208,10.58652412,7.802963091,18.21161519,7.391067311,23.75162455,3.842426317,1
DSCN4035.JPG,,9/30/2013,10:08,2.86228318,5.353650063,3.001675032,5.338540718,2.107755204,4.837083832,2.50374839,4.376716235,11.92021095,9.108689478,23.32542829,8.903647848,29.82700203,5.802159339,1
DSCN4036.JPG,,9/30/2013,10:08,2.887599176,4.951065542,3.141046482,4.860072427,1.937795139,4.505780842,2.062214829,4.545086578,10.33182152,7.812329998,19.840172,7.235575789,24.65541665,4.520040929,1
DSCN4037.JPG,,9/30/2013,10:09,3.05718776,5.132526181,3.892723982,4.96375503,2.455719243,5.393652937,3.19202146,4.498669692,13.1721625,9.52092443,24.283595,9.074042649,32.57360995,6.033119923,1
DSCN4038.JPG,,9/30/2013,10:21,3.454632397,4.33008314,3.356698974,4.96633406,2.630584156,4.829282038,2.459464373,5.158682002,11.13778883,6.701399033,20.72234941,5.173007346,23.97708811,2.968723126,1
DSCN4039.JPG,,9/30/2013,10:22,4.24555968,5.494162175,4.078049656,4.875634318,2.780187224,6.305671812,2.999774992,5.903621262,12.16870618,6.688904993,23.60121103,6.655000902,28.19037306,3.642249854,1
DSCN4040.JPG,,9/30/2013,10:32,2.292632112,3.795818357,2.549450921,3.959891034,1.728,4.082482578,2.763133909,4.154081968,11.27620193,8.30398001,17.5085432,7.285873523,23.19256297,4.59205368,1
DSCN4041.JPG,,9/30/2013,10:34,,,,,,,,,,,,,,,1
DSCN4042.JPG,,9/30/2013,10:35,3.115710673,4.272615709,3.187160492,5.339639126,2.413681835,5.201073447,2.986315623,5.377882948,12.10088592,8.73942315,22.39932896,7.931447094,29.09728085,4.865190027,1
DSCN4043.JPG,,9/30/2013,10:37,3.992854117,4.523299681,3.231619408,4.326818808,2.715044014,4.994961061,2.490256212,5.394727055,11.12997942,6.362504617,19.92079461,5.565868306,24.52582092,3.035218608,1
DSCN4044.JPG,,9/30/2013,10:38,3.954834257,4.21029227,3.724981208,4.211214789,2.540504871,5.493940844,2.742057804,5.533814959,11.55349666,6.782177895,20.71474897,5.764640926,25.84012326,3.008170208,1
DSCN4045.JPG,,9/30/2013,10:39,4.290251741,4.755704995,3.76505312,4.830132296,2.769193565,7.134611762,3.090052427,6.672242876,15.13425905,8.292555698,28.89929677,7.620601814,38.9699354,4.44952593,1
DSCN4046.JPG,,9/30/2013,10:48,4.080519575,4.616477553,3.833336145,4.802247182,2.764333554,5.31302748,2.778604146,5.457866708,10.64061901,6.670131408,19.79730168,4.817827311,24.53734073,2.985686018,1
DSCN4047.JPG,,9/30/2013,10:49,4.067874138,5.430732179,3.894752495,4.417201037,2.868983269,4.557457295,2.552914609,5.081744287,10.02610672,6.870848856,20.44240976,5.582712334,22.04650968,3.069828985,1
DSCN4048.JPG,,9/30/2013,10:49,3.833660522,4.514382461,3.809698151,4.014243142,2.648889767,5.013348781,2.87031183,4.185927018,10.43542261,6.938178219,21.06660668,5.454436085,23.56130355,3.139578634,1
DSCN4049.JPG,,9/30/2013,11:01,4.109847321,4.481324469,3.781100369,4.683189725,3.413892207,4.07558413,2.944411147,4.286765681,10.0458155,6.282997453,18.22450027,4.855843696,21.82778253,2.666488702,1
DSCN4050.JPG,,9/30/2013,11:02,4.00052809,4.865727695,4.748602426,4.10424719,2.948741426,6.307826884,2.974477097,5.932074595,11.65693515,7.050906325,21.93034245,5.758936794,31.43363875,3.77520463,1
DSCN4051.JPG,,9/30/2013,11:02,2.347151465,3.918283425,2.386957268,3.916807373,1.783933855,4.462265904,2.450371809,4.478932909,11.35503963,7.811600732,18.62504188,7.015656847,20.72706378,3.426616553,2
DSCN4052.JPG,,9/30/2013,11:03,3.149472496,3.554212852,2.863276794,3.902711493,2.394346675,4.32298427,2.101974548,4.826802358,11.92798998,7.900017532,20.93343627,7.678215743,24.55272926,4.056563324,1
DSCN4053.JPG,,9/30/2013,11:20,3.299204298,4.945707331,3.443904325,4.028751916,2.393183027,4.52987693,2.605667861,4.461368624,11.22800699,8.433448761,20.59999643,7.775434457,24.33054601,4.660924479,1
DSCN4054.JPG,,9/30/2013,12:12,2.776951566,4.056017751,3.066953211,3.568039938,1.796685003,4.187382595,1.793063579,4.406672781,10.33119209,7.482478867,17.70112237,7.01809732,23.39005297,3.798855091,1
DSCN4055.JPG,,9/30/2013,12:13,2.915343719,4.54469856,3.585665489,5.089158673,2.296197944,5.037241308,2.652348582,4.85138135,12.49497391,8.523609212,22.13337832,8.069663995,32.28087479,5.893412,1
DSCN4056.JPG,,9/30/2013,12:13,3.848439944,3.960663076,3.988380122,4.177232816,2.361681816,5.27008814,2.921849414,4.22035271,10.32125579,6.561586698,17.48428349,5.353394624,18.60289698,2.580198442,2
DSCN4058.JPG,,9/30/2013,12:23,2.930375061,3.545088151,2.480688009,3.822815978,2.575205817,3.833514967,2.078758524,4.003558417,9.944605372,7.619003413,16.71123813,6.659182007,22.24182569,3.546848178,1
DSCN4059.JPG,,9/30/2013,12:23,3.566605389,4.315962233,2.199100271,4.440901372,2.357713511,5.192632954,1.552678331,4.741230326,11.58410955,8.157816436,19.74361408,7.636351616,25.24611344,4.637241098,1
DSCN4060.JPG,,9/30/2013,12:33,2.865527875,3.928032586,2.954201923,3.679709907,1.962670884,3.913737472,2.181980752,4.05720347,9.1848816,6.690457085,17.44094679,6.261264409,19.75626273,3.382775783,1
DSCN4061.JPG,,9/30/2013,12:37,2.425977123,4.149126414,2.673484805,3.89184198,1.952303767,4.048650392,2.204342306,4.274652851,10.68972441,7.846150712,18.91397846,8.052688061,23.53649116,3.693218786,1
DSCN4062.JPG,,9/30/2013,12:48,3.735452449,4.910547118,3.259203584,4.784757883,2.503328384,5.775216446,3.121078019,4.577323454,13.14984411,9.11576508,22.5555129,8.533796635,30.62298695,5.184531609,1
DSCN4063.JPG,,9/30/2013,12:48,3.420474382,6.099947869,4.353592195,5.960872503,3.299748475,6.010392749,3.502172611,5.440094117,14.27374811,10.08214327,27.62643562,9.986276383,37.81923386,6.055140791,1
DSCN4064.JPG,,9/30/2013,12:49,3.991246046,5.661792384,3.742131211,5.655008842,2.393,5.885285465,3.574037773,5.578386864,14.72850977,10.39908443,26.57324162,10.12109134,40.085,6.569909893,1
DSCN4065.JPG,,9/30/2013,12:56,4.499616984,4.905569182,3.535317949,4.787566605,3.038167375,5.675155769,2.639159336,5.049343918,14.11913641,9.904382868,25.02797677,9.251100529,35.68952185,5.815352182,1
DSCN4066.JPG,,9/30/2013,12:59,3.480345098,4.889080179,3.644561976,4.819152,2.844627392,5.064854292,2.687934523,4.902851109,13.67183839,9.301045586,22.18420772,8.66144122,34.51245672,5.937302839,1
DSCN4067.JPG,,9/30/2013,13:14,3.302157174,4.875870589,3.238406553,4.640457952,2.77839558,5.02697772,2.632665759,5.169867406,11.73116844,8.882877011,21.60859868,8.047063626,27.59746992,4.990102604,1
DSCN4068.JPG,,9/30/2013,13:14,2.757486174,4.683521005,3.757346138,5.28827921,2.459385492,5.454000825,3.155941223,4.51470885,12.60799239,9.420994268,22.72833133,8.935265245,28.76327772,5.511565386,1
DSCN4069.JPG,,9/30/2013,13:15,2.879520967,4.419368733,3.146884968,4.179307718,2.717616051,4.074616546,2.412910483,4.647543222,11.58326698,8.371689495,20.18468917,8.051434468,25.42239788,4.420020136,1
DSCN4070.JPG,,9/30/2013,13:24,3.263631873,4.378559124,3.22971779,4.07835126,2.172735833,4.572566894,2.374454253,3.480879343,10.4777593,8.370510259,19.54623219,7.797199818,25.27648593,4.153123283,1
DSCN4071.JPG,,9/30/2013,13:24,2.983481188,4.58031964,3.471526033,4.844984623,3.177343072,5.643163829,3.422394483,5.281652204,12.45879031,8.890933865,22.50749273,8.627831999,30.32840833,5.200761963,1
DSCN4072.JPG,,9/30/2013,13:32,3.36154637,5.054980218,2.507076784,4.752603707,2.824338861,4.327336594,2.634160587,5.629747419,13.92691911,8.868032476,21.99133548,8.439330127,30.13171879,4.754327082,1
DSCN4073.JPG,,9/30/2013,13:33,3.298875111,4.212601215,3.310766074,3.858442302,2.580085657,4.054362219,2.504283131,4.273965021,11.31864731,8.253014601,20.09754836,7.081289219,24.20216209,5.007289187,1
DSCN4074.JPG,,9/30/2013,13:33,3.414328192,5.062939857,3.158383447,5.199824997,2.799879462,4.848779847,2.699692575,5.24270703,12.23361827,8.391035991,22.36413025,8.039946393,27.63803533,5.111,1
DSCN4075.JPG,,9/30/2013,13:33,3.434315798,4.516123227,3.513689372,4.679109424,2.161173061,5.554974077,2.773327424,3.920787676,12.34315462,8.513268526,21.91826604,8.769483451,28.58331298,4.746081015,1
DSCN4076.JPG,,9/30/2013,13:34,2.723436249,3.633880846,2.124299885,4.05767076,2.676681714,4.271453266,2.138936652,3.554815466,11.14073974,7.321352061,16.0152483,7.325345862,19.34797573,4.065997787,1
DSCN4077.JPG,,9/30/2013,13:45,2.670814295,3.421402052,2.299719113,3.56096237,1.82948326,4.00280002,2.125216695,3.273672555,9.517511492,7.086737543,15.32373339,6.885683263,19.19163328,3.73202425,1
DSCN4078.JPG,,9/30/2013,13:46,2.736327466,4.610207913,3.36,4.706251375,2.048,5.070043885,2.977891872,3.978285309,11.28749272,8.415483112,19.94023109,8.866923931,25.2897151,4.422668991,1
DSCN4079.JPG,,9/30/2013,13:47,2.938232292,4.942051598,3.804991064,4.881212247,3.066566321,4.928728031,3.075535726,4.729495216,12.06469664,9.513760981,24.76262365,9.055564091,30.93338045,5.341740728,1
DSCN4080.JPG,,9/30/2013,13:54,2.839172415,4.191877026,3.141294319,4.388479577,2.180939247,5.28180774,3.046271492,4.584390254,11.77617909,8.016299645,20.03523,8.069014624,27.74681021,4.715950912,1
DSCN4081.JPG,,9/30/2013,13:59,2.814435823,4.455717338,3.49548423,4.933805124,2.752026344,4.856357174,3.363210668,4.46032936,11.91930233,9.087084956,21.07838298,7.886407674,28.10170546,4.619995887,1
DSCN4082.JPG,,9/30/2013,14:03,3.561653127,5.410521786,3.882249348,5.732793124,3.125815734,6.394676301,4.103184739,5.402919674,15.21897963,10.30589132,26.51242248,9.561169907,37.32703578,5.810642047,1
DSCN4083.JPG,,9/30/2013,14:07,3.036925419,5.204450884,3.713117962,4.211880815,3.14546181,4.585080697,3.62171672,4.646537313,11.24538007,8.986421368,24.67239196,9.092916419,31.78420803,5.118325507,1
DSCN4084.JPG,,9/30/2013,14:08,3.718239503,5.493709585,3.656028446,5.446946392,3.783166002,5.935665843,3.164524925,5.950935473,14.18476006,9.345397637,26.55234116,10.92829593,38.96275822,6.150226093,1
DSCN4085.JPG,,9/30/2013,14:19,4.471649584,4.854391929,3.820425238,5.386513622,3.685700069,4.866880829,3.166403796,5.950887077,14.24217768,9.345506942,25.54223013,9.846541119,36.27258825,6.155567399,1
DSCN4086.JPG,,9/30/2013,14:19,3.761142513,4.748319387,2.843249725,5.32699465,3.098799929,5.411701581,2.111697185,5.037628013,15.10079617,9.291252714,23.53932083,9.099636751,34.92143045,5.522982709,1
DSCN4087.JPG,,9/30/2013,14:25,4.487028527,4.916407733,3.548058906,4.691502105,3.521216409,5.638553449,2.988193601,6.349569119,13.11116852,7.911,28.87159857,7.553010327,38.21172726,4.105214854,1
DSCN4088.JPG,,9/30/2013,14:26,3.18610389,4.997703973,4.024572648,5.702757316,3.019927979,5.788611319,3.242328176,6.242567501,13.97665518,9.781501163,26.61896215,10.09084427,39.13182788,5.717347112,1
DSCN4089.JPG,,9/30/2013,14:27,3.127258544,4.774408864,2.737351274,4.244293345,1.995489163,4.98821421,2.927108129,5.281880442,10.6788129,8.457867403,21.61816461,8.369792471,26.04757808,4.370920727,1
DSCN4090.JPG,,9/30/2013,14:32,3.208230042,4.698580637,3.412542894,4.647983003,2.360336629,4.274594718,2.390429459,4.952595784,11.99386718,9.050160496,22.53370453,8.91621091,29.30617716,5.287170604,1
DSCN4091.JPG,,9/30/2013,14:32,3.208159597,4.436255403,3.252104857,5.079911515,2.55575214,4.303536453,2.563080373,5.35901045,11.76636414,8.348760686,20.46545211,8.748764999,27.04582336,5.135887168,1
DSCN4092.JPG,,9/30/2013,14:36,4.168013076,5.150493763,4.364048121,5.138870888,2.59611113,6.090711617,2.597246427,6.45262559,14.74738085,10.65259316,29.00645756,10.77584099,40.56538712,6.399651553,1
DSCN4093.JPG,,9/30/2013,14:42,2.406460056,3.738622875,3.404004994,4.497375457,3.351410748,5.201856303,3.666710924,5.780683783,13.73012578,9.562029962,23.69290231,8.692887725,30.51048975,5.420831855,1
