Box,DaysSinceMeta,MetaDate,PhotoDate,PhotoTime,Runway,Cohort,Init_Mass,Density,Year,Wk1Dist,Wk1Recaps,Wk1Moves
27-A,16,5/24/2013,6/8/2013,2012,11,2.4,2.54,6,2013,52.63,6,4
28-B,16,5/24/2013,6/8/2013,2015,4,2.4,1.43,18,2013,46.27,6,3
12-D,14,5/26/2013,6/8/2013,2023,8,2.4,1.91,18,2013,42.13,7,5
47-B,14,5/26/2013,6/8/2013,2021,2,2.4,2.71,6,2013,50.84,7,5
28-A,14,5/26/2013,6/8/2013,2032,8,2.4,1.66,18,2013,45.37,7,4
41-A,16,5/24/2013,6/8/2013,2027,8,2.4,1.56,18,2013,24.46,7,6
26-B,14,5/26/2013,6/8/2013,2039,11,2.4,2.37,6,2013,31.56,5,2
43-I,12,5/28/2013,6/8/2013,2037,8,2.4,1.32,18,2013,23.15,7,7
25,14,5/26/2013,6/8/2013,2047,8,2.4,1.48,18,2013,31.83,6,3
9-A,12,5/28/2013,6/8/2013,2045,8,2.4,1.72,18,2013,56.83,7,7
43-H,12,5/28/2013,6/8/2013,2051,4,2.4,1.17,18,2013,45.5,7,2
16-A,12,5/28/2013,6/8/2013,2104,6,2.4,1.11,36,2013,34.87,6,4
43,14,5/26/2013,6/8/2013,2101,11,2.4,1.22,18,2013,49.96,7,3
41-A,12,5/28/2013,6/8/2013,2120,4,2.4,1.55,18,2013,47.61,5,2
12-C,14,5/26/2013,6/8/2013,2118,11,2.4,2.01,18,2013,47.44,7,6
7-D,12,5/28/2013,6/8/2013,2126,4,2.4,1.74,18,2013,64.54,6,3
12-C,12,5/28/2013,6/8/2013,2124,4,2.4,1.33,18,2013,,7,5
17-B,16,5/24/2013,6/8/2013,2132,2,2.4,2.93,6,2013,0.88,7,5
43-D,12,5/28/2013,6/8/2013,2136,8,2.4,1.27,18,2013,38.24,7,3
28-A,12,5/28/2013,6/8/2013,2146,8,2.4,1.68,18,2013,31.17,7,7
16-C,10,5/30/2013,6/8/2013,2143,6,2.4,1.1,36,2013,27.18,2,1
16-F,10,5/30/2013,6/8/2013,2155,6,2.4,0.94,36,2013,,2,1
4-C,10,5/30/2013,6/8/2013,2152,6,2.4,0.84,36,2013,,,
13,12,5/28/2013,6/8/2013,2206,6,2.4,0.96,36,2013,,,
44-E,14,5/26/2013,6/8/2013,2203,11,2.4,1.93,6,2013,,5,4
26-A,14,5/26/2013,6/8/2013,2235,11,2.4,2.82,6,2013,,3,3
16-E,10,5/30/2013,6/8/2013,2212,6,2.4,1.17,36,2013,,3,3
2,14,5/26/2013,6/8/2013,2216,11,2.4,1.97,6,2013,,4,3
45-I,14,5/26/2013,6/8/2013,2219,4,2.4,2.81,18,2013,,3,1
23-I,14,5/26/2013,6/8/2013,2228,4,2.4,1.1,18,2013,,5,3
13-C,12,5/28/2013,6/8/2013,2225,6,2.4,0.99,36,2013,,,
44-A,14,5/26/2013,6/8/2013,2248,11,2.4,3.37,6,2013,47.57,5,1
39-B,14,5/26/2013,6/8/2013,2252,11,2.4,1.97,6,2013,,4,3
16-B,12,5/28/2013,6/8/2013,2316,6,2.4,1.05,36,2013,24.01,4,1
22-C,14,5/26/2013,6/8/2013,2258,11,2.4,2.7,6,2013,48.42,6,3
44-B,14,5/26/2013,6/8/2013,2301,2,2.4,1.59,6,2013,,6,4
44-C,14,5/26/2013,6/8/2013,2307,11,2.4,1.59,6,2013,,,
37,14,5/26/2013,6/8/2013,2310,2,2.4,2.53,6,2013,,5,3
10,14,5/26/2013,6/8/2013,2340,2,2.4,2.03,6,2013,,,
11,14,5/26/2013,6/8/2013,2342,2,2.4,1.85,6,2013,,7,4
29,14,5/26/2013,6/8/2013,2338,2,2.4,1.77,6,2013,28.17,7,6
10,14,5/26/2013,6/8/2013,2344,2,2.4,2.46,6,2013,28.31,6,2
50-A,14,5/26/2013,6/8/2013,2118,11,2.4,2.44,6,2013,48.48,4,1
13-B,12,5/28/2013,6/8/2013,2205,6,2.4,0.96,36,2013,,,
4-A,12,5/28/2013,6/8/2013,2136,6,2.4,1.03,36,2013,,,
28-B,14,5/26/2013,6/8/2013,2147,4,2.4,1.92,18,2013,,,
20A,14,5/26/2013,6/8/2013,2236,,2.4,1.79,6,2013,,,
,,,6/8/2013,,6,2.4,,,,,0,0
16-F,12,5/28/2013,6/8/2013,2245,6,2.4,1.18,36,2013,17.51,4,1
37-B,8,5/26/2013,6/2/2013,2020,3,2.3,1.6,6,2013,72.45,7,6
9-I,8,5/26/2013,6/2/2013,2017,7,2.3,2.06,18,2013,27.24,7,3
8,8,5/26/2013,6/2/2013,2027,3,2.3,2.35,6,2013,58.29,7,6
3-I,8,5/26/2013,6/2/2013,2029,5,2.3,2.15,6,2013,98.27,6,3
44-D,8,5/26/2013,6/2/2013,2032,5,2.3,1.83,6,2013,,1,
42-B,8,5/26/2013,6/2/2013,2044,5,2.3,1.68,6,2013,,2,2
33,8,5/26/2013,6/2/2013,2039,3,2.3,1.6,6,2013,,7,3
27-B,8,5/26/2013,6/2/2013,2048,5,2.3,2.62,6,2013,59.57,6,5
11-B,8,5/26/2013,6/2/2013,2050,5,2.3,2.16,6,2013,57.69,6,5
22-A,8,5/26/2013,6/2/2013,2058,3,2.3,2.98,6,2013,128.53,7,6
39-A,8,5/26/2013,6/2/2013,2052,3,2.3,1.95,6,2013,101.51,7,4
24,8,5/26/2013,6/2/2013,2102,5,2.3,2.01,6,2013,23.18,1,1
50-C,8,5/26/2013,6/2/2013,2113,3,2.3,3.11,6,2013,41.3,7,7
28-D,8,5/26/2013,6/2/2013,2110,7,2.3,2.76,18,2013,38.66,6,4
39-B,8,5/26/2013,6/2/2013,2121,3,2.3,2.49,6,2013,28.18,7,5
26,8,5/26/2013,6/2/2013,2131,5,2.3,3.13,6,2013,,,
43,8,5/26/2013,6/2/2013,2125,7,2.3,1.33,18,2013,80.54,7,5
20-C,8,5/26/2013,6/2/2013,2133,5,2.3,1.52,6,2013,45.33,6,4
28-C,8,5/26/2013,6/2/2013,2145,7,2.3,1.49,18,2013,50.1,7,4
18,8,5/26/2013,6/2/2013,2159,3,2.3,2.69,6,2013,84.28,7,6
28-C,8,5/26/2013,6/2/2013,2155,7,2.3,1.72,18,2013,19.69,6,4
10-B,8,5/26/2013,6/2/2013,2200,5,2.3,2.78,6,2013,91.47,7,3
32-I,8,5/26/2013,6/2/2013,2209,1,2.3,0.58,36,2013,36.08,2,1
12-A,8,5/26/2013,6/2/2013,2216,7,2.3,1.66,18,2013,130.21,7,6
10-A,8,5/26/2013,6/2/2013,2221,3,2.3,2.46,6,2013,62.66,7,4
41-A,8,5/26/2013,6/2/2013,2219,7,2.3,1.77,18,2013,96.24,7,7
4,8,5/26/2013,6/2/2013,2228,1,2.3,0.98,36,2013,39.78,4,4
4-A,10,5/24/2013,6/2/2013,2233,1,2.3,0.78,36,2013,79.65,7,3
42-A,8,5/26/2013,6/2/2013,2242,3,2.3,2.6,6,2013,64.36,7,4
12-E,8,5/26/2013,6/2/2013,2247,7,2.3,2.34,18,2013,73,5,5
38,8,5/26/2013,6/2/2013,2245,1,2.3,1.69,6,2013,44.59,5,4
16,8,5/26/2013,6/2/2013,2257,1,2.3,1.13,36,2013,26.53,7,4
19-C,8,5/26/2013,6/2/2013,2253,7,2.3,1.28,18,2013,68.66,7,7
13,8,5/26/2013,6/2/2013,2304,1,2.3,0.88,36,2013,43.78,5,3
28-B,8,5/26/2013,6/2/2013,2300,7,2.3,1.64,18,2013,104,6,4
16,6,5/28/2013,6/2/2013,2317,1,2.3,1.19,36,2013,71.17,7,3
10-C,8,5/26/2013,6/2/2013,2310,5,2.3,2.04,6,2013,6.76,6,4
4-A,10,5/24/2013,6/2/2013,2308,1,2.3,0.83,36,2013,36.13,7,2
12A-A,10,5/24/2013,6/2/2013,2315,1,2.3,1.35,36,2013,64.35,6,3
35,6,5/28/2013,6/2/2013,2319,1,2.3,0.95,36,2013,,,
28-A,14,5/26/2013,6/2/2013,2024,4,2.4,2.35,18,2013,48.92,7,5
42-D,14,5/26/2013,6/2/2013,2105,2,2.4,2.65,6,2013,,6,4
7-B,17,5/30/2013,6/14/2013,1722,7,2.5,1.64,18,2013,99.65,7,6
43-E,21,5/28/2013,6/14/2013,1600,6,2.6,1.2,18,2013,,,
16-B,17,6/1/2013,6/14/2013,1558,4,2.6,0.93,36,2013,,,
25-A,21,5/28/2013,6/14/2013,1604,6,2.6,1.65,18,2013,,,
13-B,19,5/30/2013,6/14/2013,1606,4,2.6,0.82,36,2013,,,
9-B,21,5/28/2013,6/14/2013,1613,6,2.6,1.69,18,2013,,,
16-A,17,6/1/2013,6/14/2013,1611,4,2.6,1.28,36,2013,25.57,1,1
43-G,21,5/28/2013,6/14/2013,1620,2,2.6,1.24,18,2013,49.94,6,1
16-A,19,5/30/2013,6/14/2013,1617,4,2.6,1.02,36,2013,30.26,7,2
43-C,21,5/28/2013,6/14/2013,1625,2,2.6,1.13,18,2013,52.69,7,6
13-C,19,5/30/2013,6/14/2013,1627,11,2.6,0.86,36,2013,,,
16-B,19,5/30/2013,6/14/2013,1633,4,2.6,1.06,36,2013,17.97,1,1
23-A,17,6/1/2013,6/14/2013,1637,6,2.6,1.07,18,2013,,,
35-E,17,6/1/2013,6/14/2013,1641,11,2.6,0.93,36,2013,,,
41-B,21,5/28/2013,6/14/2013,1643,2,2.6,1.75,18,2013,59.35,7,5
32-B,19,5/30/2013,6/14/2013,1649,11,2.6,0.63,36,2013,30,5,4
7-A,19,5/30/2013,6/14/2013,1646,6,2.6,1.29,18,2013,,,
35-D,17,6/1/2013,6/14/2013,1657,11,2.6,0.81,36,2013,,,
12,19,5/30/2013,6/14/2013,1654,6,2.6,1.46,18,2013,48.79,1,1
9-D,21,5/28/2013,6/14/2013,1706,2,2.6,1.78,18,2013,,,
35-C,17,6/1/2013,6/14/2013,1701,4,2.6,1,36,2013,44.13,1,1
34-B,19,5/30/2013,6/14/2013,1709,2,2.6,1.17,18,2013,10.69,7,5
13-G,19,5/30/2013,6/14/2013,1712,11,2.6,0.86,36,2013,17.25,3,1
13-F,19,5/30/2013,6/14/2013,1724,4,2.6,1.54,36,2013,,,
35-F,17,6/1/2013,6/14/2013,1729,4,2.6,0.97,36,2013,,,
9-E,21,5/28/2013,6/14/2013,1730,2,2.6,1.49,18,2013,,,
13-A,17,6/1/2013,6/14/2013,1738,11,2.6,0.78,36,2013,12.9,1,1
19-B,21,5/28/2013,6/14/2013,1741,6,2.6,1.3,18,2013,49.08,6,4
25-B,21,5/28/2013,6/14/2013,1746,2,2.6,1.58,18,2013,53.07,6,5
16-D,19,5/30/2013,6/14/2013,1749,11,2.6,0.92,36,2013,40.05,1,1
19-A,21,5/28/2013,6/14/2013,1758,6,2.6,1.32,18,2013,,,
7-C,19,5/30/2013,6/14/2013,1801,2,2.6,0.79,18,2013,47.89,6,4
43-B,19,5/30/2013,6/14/2013,1810,6,2.6,1.29,18,2013,41.25,6,1
32-A,19,5/30/2013,6/14/2013,1808,4,2.6,0.63,36,2013,37.94,3,2
7-E,19,5/30/2013,6/14/2013,1715,6,2.6,1.7,18,2013,1.77,7,3
4-A,17,6/1/2013,6/14/2013,1706,11,2.6,0.79,36,2013,,,
4-B,19,5/30/2013,6/14/2013,1732,11,2.6,0.75,36,2013,33.25,1,1
12-B,17,6/1/2013,6/14/2013,1756,11,2.6,1.58,18,2013,19.43,5,1
25-A,19,5/30/2013,6/14/2013,1751,2,2.6,0.9,18,2013,76.03,6,5
34,15,6/3/2013,6/14/2013,1819,2,2.6,1.2,18,2013,20.56,6,2
4-A,19,5/30/2013,6/14/2013,1815,4,2.6,0.81,36,2013,,,
35-G,15,6/1/2013,6/12/2015,1644,9,2.5,0.93,36,2013,85.02,5,2
9-A,15,6/1/2013,6/12/2015,1647,5,2.5,1.95,18,2013,82.59,2,2
34-C,15,6/1/2013,6/12/2015,1652,5,2.5,1.2,18,2013,,,
4-B,15,6/1/2013,6/12/2015,1653,9,2.5,0.68,36,2013,12.33,1,1
13-C,15,6/1/2013,6/12/2015,1701,9,2.5,0.85,36,2013,38.46,3,3
12-A,15,6/1/2013,6/12/2015,1706,5,2.5,1.49,18,2013,,0,0
35-F,15,6/1/2013,6/12/2015,1704,3,2.5,0.84,36,2013,46.77,3,3
43-A,17,5/30/2013,6/12/2015,1712,7,2.5,1.21,18,2013,49.24,2,2
35-A,15,6/1/2013,6/12/2015,1709,9,2.5,0.86,36,2013,30.02,5,3
43-C,15,6/1/2013,6/12/2015,1718,5,2.5,1.26,18,2013,,,
6-A,11,6/5/2013,6/12/2015,1716,3,2.5,1.29,36,2013,147.89,7,6
35-B,15,6/1/2013,6/12/2015,1725,9,2.5,0.99,36,2013,46.86,5,2
28,17,5/30/2013,6/12/2015,1728,5,2.5,1.78,18,2013,,,
9-C,17,5/30/2013,6/12/2015,1735,5,2.5,1.73,18,2013,,,
35-A,13,6/3/2013,6/12/2015,1737,3,2.5,0.84,36,2013,75.32,4,3
38-B,11,6/5/2013,6/12/2015,1741,9,2.5,1.34,36,2013,30.88,7,3
25-A,15,6/1/2013,6/12/2015,1740,5,2.5,1.35,18,2013,49.59,1,1
19-A,15,6/1/2013,6/12/2015,1749,7,2.5,1.15,18,2013,63.78,6,4
38-A,11,6/5/2013,6/12/2015,1751,9,2.5,1.28,36,2013,,,
38-D,11,6/5/2013,6/12/2015,1754,9,2.5,1.42,36,2013,27.15,7,4
7-D,17,5/30/2013,6/12/2015,1800,7,2.5,1.64,18,2013,25.96,7,5
4-C,15,6/1/2013,6/12/2015,1802,9,2.5,0.62,36,2013,50,6,4
34-B,15,6/1/2013,6/12/2015,1804,5,2.5,1.06,18,2013,,,
43-A,15,6/1/2013,6/12/2015,1814,7,2.5,1.33,18,2013,85.86,7,6
13-B,15,6/1/2013,6/12/2015,1811,3,2.5,0.83,36,2013,45.69,3,3
41,17,5/30/2013,6/12/2015,1830,7,2.5,1.36,18,2013,88.72,7,5
46-C,11,6/5/2013,6/12/2015,1816,3,2.5,1.26,36,2013,55.23,7,7
13-D,15,6/1/2013,6/12/2015,1827,3,2.5,0.89,36,2013,50.86,7,5
39,11,6/5/2013,6/12/2015,1831,12,2.5,2.48,6,2013,60.91,2,2
2-B,17,5/30/2013,6/12/2015,1846,12,2.5,2.68,6,2013,46.49,1,1
16,11,6/5/2013,6/12/2015,1847,3,2.5,1.07,36,2013,,,
4-D,15,6/1/2013,6/12/2015,1848,9,2.5,0.96,36,2013,26.66,2,2
14,9,6/7/2013,6/12/2015,1850,12,2.5,2.22,6,2013,,,
16-C,15,6/1/2013,6/12/2015,1853,3,2.5,0.97,36,2013,44.68,3,3
9-D,17,5/30/2013,6/12/2015,1902,7,2.5,1.6,18,2013,,,
35-D,13,6/3/2013,6/12/2015,1900,3,2.5,0.92,36,2013,,,
46,11,6/5/2013,6/12/2015,1904,3,2.5,1.02,36,2013,43.7,6,4
12-C,15,6/1/2013,6/12/2015,1912,5,2.5,1.71,18,2013,36.89,4,2
42,11,6/5/2013,6/12/2015,1911,12,2.5,2.04,6,2013,50.22,6,4
48,17,5/30/2013,6/12/2015,1924,12,2.5,2.44,6,2013,48.67,7,6
34-A,15,6/1/2013,6/12/2015,1927,5,2.5,1.33,18,2013,,,
14,13,6/3/2013,6/12/2015,1929,12,2.5,2.5,6,2013,47.28,6,1
9-E,17,5/30/2013,6/12/2015,1931,7,2.5,1.73,18,2013,39.18,7,5
9-B,17,5/30/2013,6/12/2015,1935,7,2.5,1.64,18,2013,40.35,7,5
37,13,6/3/2013,6/12/2015,1936,12,2.5,1.49,6,2013,48.44,2,2
43-B,15,6/1/2013,6/12/2015,1939,7,2.5,1.24,18,2013,140.98,7,6
36-A,11,6/5/2013,6/12/2015,1942,12,2.5,2.53,6,2013,11.5,6,6
36-B,11,6/5/2013,6/12/2015,1945,12,2.5,2.63,6,2013,,,
22-A,7,6/9/2013,6/12/2015,1946,12,2.5,2.62,6,2013,60.1,6,4
25-D,5,5/26/2013,5/29/2013,2037,2,2.2,1.66,18,2013,45.27,4,2
15-A,7,5/24/2013,5/29/2013,2032,4,2.2,2.77,6,2013,4.72,1,1
25-B,5,5/26/2013,5/29/2013,2056,2,2.2,1.69,18,2013,79.53,5,4
19-A,5,5/26/2013,5/29/2013,2101,2,2.2,1.3,18,2013,94.78,6,4
19-E,5,5/26/2013,5/29/2013,2109,6,2.2,1.51,18,2013,57.82,1,1
7-B,5,5/26/2013,5/29/2013,2113,2,2.2,1.57,18,2013,17.96,1,1
19-B,5,5/26/2013,5/29/2013,2126,2,2.2,1.09,18,2013,70.5,6,4
34,5,5/26/2013,5/29/2013,2139,2,2.2,1.39,18,2013,12.71,1,1
25-A,5,5/26/2013,5/29/2013,2144,6,2.2,1.62,18,2013,49.7,5,4
29-B,7,5/24/2013,5/29/2013,2207,8,2.2,2.03,6,2013,70.17,6,4
25-E,5,5/26/2013,5/29/2013,2213,6,2.2,1.57,18,2013,,,
39-A,5,5/26/2013,5/29/2013,2219,8,2.2,2.33,6,2013,68.65,7,5
17-A,7,5/24/2013,5/29/2013,2227,8,2.2,3.48,6,2013,,,
25-E,5,5/26/2013,5/29/2013,2232,6,2.2,1.47,18,2013,,2,2
12-E,5,5/26/2013,5/29/2013,2238,6,2.2,1.86,18,2013,1.46,1,1
7-D,5,5/26/2013,5/29/2013,2247,6,2.2,2.07,18,2013,92.58,7,3
12-B,5,5/26/2013,5/29/2013,2251,6,2.2,1.37,18,2013,1.28,1,1
7-A,5,5/26/2013,5/29/2013,2249,6,2.2,1.65,18,2013,48.77,1,1
33-A,5,5/26/2013,5/29/2013,2146,9,2.2,2.73,,2013,30.63,7,7
31-A,5,5/26/2013,5/29/2013,2230,9,2.2,2.1,6,2013,59.72,7,7
29-A,7,5/24/2013,5/29/2013,2206,9,2.2,1.95,6,2013,24.58,6,5
22,5,5/26/2013,5/29/2013,2245,9,2.2,2.79,6,2013,34.13,5,5
31-B,5,5/26/2013,5/29/2013,2248,9,2.2,2.24,6,2013,2.21,4,1
31-C,5,5/26/2013,5/29/2013,2136,9,2.2,1.95,6,2013,31.78,7,3
50-A,7,5/24/2013,5/29/2013,2152,9,2.2,2.65,6,2013,36.9,7,5
28-A,7,5/24/2013,5/29/2013,2257,6,2.2,1.87,18,2013,14.42,2,1
31-A,7,5/24/2013,5/29/2013,2223,9,2.2,2.21,6,2013,31.35,1,1
27-B,7,5/24/2013,5/29/2013,2228,9,2.2,3.18,6,2013,65.34,7,5
7-C,5,5/26/2013,5/29/2013,2242,6,2.2,1.89,18,2013,,,
48-A,7,5/24/2013,5/29/2013,2209,8,2.2,2.37,6,2013,15.03,1,1
21-A,7,5/24/2013,5/29/2013,2214,8,2.2,3.14,6,2013,,,
40-A,5,5/26/2013,5/29/2013,2127,8,2.2,1.73,6,2013,65.56,7,3
47-A,5,5/26/2013,5/29/2013,2043,8,2.2,2.67,6,2013,,,
11-A,5,5/26/2013,5/29/2013,2231,8,2.2,1.88,6,2013,,,
22-B,5,5/26/2013,5/29/2013,2130,8,2.2,2.9,6,2013,48.49,6,3
39-A,7,5/24/2013,5/29/2013,2212,9,2.2,2.41,6,2013,34.15,5,4
21-B,7,5/24/2013,5/29/2013,2058,4,2.2,2.94,6,2013,,,
3,5,5/26/2013,5/29/2013,2148,4,2.2,2.03,6,2013,11.26,6,3
24-A,7,5/24/2013,5/29/2013,2140,4,2.2,2.43,6,2013,,,
40-A,7,5/24/2013,5/29/2013,2120,4,2.2,2.23,6,2013,,,
15-A,7,5/24/2013,5/29/2013,2107,4,2.2,2.74,6,2013,,,
26-A,7,5/24/2013,5/29/2013,2039,4,2.2,3.1,6,2013,,,
18-A,7,5/24/2013,5/29/2013,2105,4,2.2,3.02,6,2013,,,
30-C,7,5/24/2013,5/29/2013,2102,4,2.2,2.82,6,2013,,,
43,5,5/26/2013,5/29/2013,2038,2,2.2,1.38,18,2013,49.75,6,3
25-C,5,5/26/2013,5/29/2013,2024,2,2.2,1.74,18,2013,,1,
30-A,7,5/24/2013,5/29/2013,2159,4,2.2,2.7,6,2013,,,
19-A,5,5/26/2013,5/29/2013,2200,3,2.2,1.37,18,2013,24.25,1,1
30-B,7,5/24/2013,5/29/2013,2131,8,2.2,2.74,6,2013,57.95,6,5
,5,5/26/2013,5/29/2013,,,2.2,,,2013,,,
23-D,6,5/21/2013,5/25/2013,NA,2,2.1,1.21,18,2013,67.02,5,2
48,5,5/22/2013,5/25/2013,2045,7,2.1,2.83,6,2013,67.06,7,4
23-E,6,5/21/2013,5/25/2013,NA,2,2.1,1.27,18,2013,71.43,5,4
31,5,5/22/2013,5/25/2013,2037,7,2.1,2.4,6,2013,45.26,7,5
23-B,5,5/22/2013,5/25/2013,2052,2,2.1,1.22,18,2013,71.03,6,3
25-A,6,5/21/2013,5/25/2013,2101,2,2.1,1.9,18,2013,48.69,4,2
3,5,5/22/2013,5/25/2013,2054,7,2.1,2.25,6,2013,,,
24-B,6,5/21/2013,5/25/2013,2114,5,2.1,2.03,6,2013,2.5,7,6
15-B,6,5/21/2013,5/25/2013,2121,7,2.1,2.47,6,2013,23.56,6,4
18-B,6,5/21/2013,5/25/2013,2136,5,2.1,2.42,6,2013,76.73,4,3
42,5,5/22/2013,5/25/2013,2141,1,2.1,2.7,6,2013,43.09,7,4
23-C,6,5/21/2013,5/25/2013,2154,2,2.1,1.22,18,2013,3.49,4,2
24-B,6,5/21/2013,5/25/2013,2156,7,2.1,1.96,6,2013,69.61,6,5
47-A,6,5/21/2013,5/25/2013,2202,5,2.1,3.29,6,2013,49.32,7,3
23-A,5,5/22/2013,5/25/2013,2205,2,2.1,1.32,18,2013,70.49,6,3
18-A,6,5/21/2013,5/25/2013,2209,1,2.1,2.63,6,2013,30.63,7,5
15-A,6,5/21/2013,5/25/2013,2132,5,2.1,2.72,6,2013,0.78,4,2
20-A,6,5/21/2013,5/25/2013,2124,5,2.1,1.8,6,2013,7.92,4,1
30,8,5/19/2013,5/25/2013,2145,1,2.1,2.42,6,2013,33.79,7,5
48-A,6,5/21/2013,5/25/2013,2146,1,2.1,2.6,6,2013,52.15,5,2
3-A,6,5/21/2013,5/25/2013,2204,7,2.1,2.54,6,2013,85.35,6,3
23-B,6,5/21/2013,5/25/2013,2046,2,2.1,1.68,18,2013,48.47,4,3
50-A,6,5/21/2013,5/25/2013,2050,1,2.1,2.92,6,2013,124.42,7,5
23-A,6,5/21/2013,5/25/2013,2100,2,2.1,1.46,18,2013,126.13,7,6
31-A,6,5/21/2013,5/25/2013,2105,5,2.1,2.34,6,2013,3.36,4,1
24,5,5/22/2013,5/25/2013,2057,5,2.1,1.95,6,2013,26.12,5,2
41,5,5/22/2013,5/25/2013,2110,2,2.1,1.52,18,2013,30.95,7,3
40-A,5,5/22/2013,5/25/2013,2122,7,2.1,2.25,6,2013,58.68,7,5
23-F,6,5/21/2013,5/25/2013,2119,2,2.1,1.49,18,2013,1.36,4,2
21-A,6,5/21/2013,5/25/2013,2136,5,2.1,3.04,6,2013,,,
37-A,6,5/21/2013,5/25/2013,2133,5,2.1,3.08,6,2013,54.24,5,2
17-A,6,5/21/2013,5/25/2013,2148,7,2.1,2.8,6,2013,83.71,6,3
30-A,6,5/21/2013,5/25/2013,2150,1,2.1,2.15,6,2013,86.45,7,5
10-A,6,5/21/2013,5/25/2013,2200,1,2.1,2.17,6,2013,69.9,7,4
30-B,6,5/21/2013,5/25/2013,2203,7,2.1,2.56,6,2013,62.21,6,2
17-B,6,5/21/2013,5/25/2013,2206,1,2.1,3.42,6,2013,23.16,4,2
29-A,6,5/21/2013,5/25/2013,2210,1,2.1,2,6,2013,29.9,4,2
40-B,5,5/22/2013,5/25/2013,NA,7,2.1,2.62,6,2013,,0,0
23,8,5/19/2013,5/25/2013,NA,7,2.1,1.26,18,2013,37.01,5,3
9B,11,4/20/2012,,2002,2,1,.,6,2012,80.9,7,2
20A,17,4/14/2012,,2004,4,1,.,6,2012,,,
53A,11,4/20/2012,,2005,2,1,.,6,2012,4.17,7,2
3B,11,4/20/2012,,2006,4,1,.,6,2012,,,
9A,11,4/20/2012,,2007,2,1,.,6,2012,82.2,7,3
22,13,4/18/2012,,2008,4,1,.,6,2012,,,
53B,16,4/15/2012,,2015,2,1,.,6,2012,,6,2
53,13,4/18/2012,,2017,2,1,.,6,2012,42.58,7,1
43E,17,4/14/2012,,2019,2,1,.,6,2012,4.87,7,1
56,17,4/14/2012,,2021,4,1,.,6,2012,,,
22,17,4/14/2012,,2021,2,1,.,6,2012,1.48,7,4
45,11,4/20/2012,,2023,4,1,.,6,2012,,,
20B,17,4/14/2012,,2024,2,1,.,6,2012,38.5,7,1
22B,11,4/20/2012,,2028,4,1,.,6,2012,,,
43A,17,4/14/2012,,2030,2,1,.,6,2012,42.67,7,1
22A,11,4/20/2012,,2031,4,1,.,6,2012,7.2,1,1
53,17,4/14/2012,,2032,4,1,.,6,2012,,,
43B,17,4/14/2012,,2033,4,1,.,6,2012,,,
43D,17,4/14/2012,,2034,4,1,.,6,2012,,,
3A,11,4/20/2012,,2035,2,1,.,6,2012,93.94,7,4
17C,7,4/24/2012,,1926,5,1,.,18,2012,80.69,4,1
26,9,4/22/2012,,1929,1,1,.,18,2012,,3,1
17,11,4/20/2012,,1931,5,1,.,18,2012,,,
17B,7,4/24/2012,,1933,5,1,.,18,2012,42.93,4,3
2,11,4/20/2012,,1935,1,1,.,18,2012,131.478,6,5
2B,7,4/24/2012,,1936,1,1,.,18,2012,39.28,7,2
17,17,4/14/2012,,1940,1,1,.,18,2012,26.7,6,4
17,13,4/18/2012,,1942,1,1,.,18,2012,33.91,7,1
2,9,4/22/2012,,1939,5,1,.,18,2012,39.73,2,1
47A,9,4/22/2012,,1944,5,1,.,18,2012,73.17,2,2
2A,7,4/24/2012,,1945,5,1,.,18,2012,80.69,3,2
47C,9,4/22/2012,,1947,1,1,.,18,2012,26.06,7,3
1B,7,4/24/2012,,1949,5,1,.,18,2012,,,
17A,7,4/24/2012,,1951,5,1,.,18,2012,,,
47B,9,4/22/2012,,1952,5,1,.,18,2012,,,
26,11,4/20/2012,,1954,5,1,.,18,2012,41.72,1,1
1A,7,4/24/2012,,1955,1,1,.,18,2012,10.03,7,2
47,13,4/18/2012,,1957,1,1,.,18,2012,22.56,7,3
2C,7,4/24/2012,,1958,1,1,.,18,2012,84.73,7,3
48B,9,4/22/2012,,1843,6,1,.,36,2012,42.77,1,1
5,7,4/24/2012,,1847,3,1,.,36,2012,23.06,7,2
48,17,4/14/2012,,1850,6,1,.,36,2012,49.57,1,1
23,9,4/22/2012,,1852,3,1,.,36,2012,,0,0
39A,5,4/26/2012,,1855,3,1,.,36,2012,39.07,2,1
38,7,4/24/2012,,1857,6,1,.,36,2012,,,
39C,5,4/26/2012,,1901,6,1,.,36,2012,49.25,2,1
38A,5,4/26/2012,,1904,6,1,.,36,2012,,,
48B,7,4/24/2012,,1906,3,1,.,36,2012,47.47,7,1
48,15,4/16/2012,,1907,6,1,.,36,2012,,,
48A,7,4/24/2012,,1909,3,1,.,36,2012,33.95,3,1
38D,5,4/26/2012,,1911,3,1,.,36,2012,47.81,6,2
39B,5,4/26/2012,,1913,6,1,.,36,2012,42.77,3,1
23B,5,4/26/2012,,1915,3,1,.,36,2012,67.52,5,1
38C,5,4/26/2012,,1916,6,1,.,36,2012,,,
39A,5,4/26/2012,,1919,3,1,.,36,2012,38.6,7,2
23A,5,4/26/2012,,1920,6,1,.,36,2012,,,
38B,5,4/26/2012,,1922,6,1,.,36,2012,49.57,4,2
48A,9,4/22/2012,,1942,3,1,.,36,2012,24.19,7,1
48,11,4/20/2012,,2011,3,1,.,36,2012,16.51,3,1
8B,12,4/26/2012,,1,2,2,2.02,18,2012,34.61,6,1
17B,12,4/26/2012,,2,2,2,1.74,18,2012,42.63,6,2
17A,12,4/26/2012,,3,4,2,1.92,18,2012,,,
17C,12,4/26/2012,,4,4,2,1.87,18,2012,,,
26,12,4/26/2012,,5,2,2,1.54,18,2012,13.73,6,1
2A,12,4/26/2012,,6,4,2,1.9,18,2012,14.53,5,3
8A,12,4/26/2012,,11,2,2,2.06,18,2012,9.05,6,1
17C,12,4/26/2012,,12,2,2,1.73,18,2012,33.56,6,3
17D,12,4/26/2012,,13,4,2,1.72,18,2012,11.43,6,3
8B,12,4/26/2012,,14,2,2,2.08,18,2012,112.62,4,1
8A,12,4/26/2012,,15,4,2,2.52,18,2012,19.86,6,2
1C,12,4/26/2012,,16,4,2,1.64,18,2012,,,
1B,12,4/26/2012,,17,4,2,1.88,18,2012,1.26,5,2
47B,12,4/26/2012,,18,4,2,1.67,18,2012,,0,0
17B,12,4/26/2012,,19,2,2,1.83,18,2012,47.13,5,3
47C,12,4/26/2012,,20,2,2,1.81,18,2012,35,6,3
1A,12,4/26/2012,,21,2,2,1.79,18,2012,13.44,6,1
2C,12,4/26/2012,,22,4,2,1.69,18,2012,46.38,6,2
17D,12,4/26/2012,,23,2,2,1.73,18,2012,49.15,6,1
47A,12,4/26/2012,,24,4,2,1.65,18,2012,46.14,1,1
6,14,4/24/2012,,7,3,2,3.07,6,2012,18.25,6,1
45,16,4/22/2012,,8,6,2,2.45,6,2012,0,6,0
9,16,4/22/2012,,9,3,2,3.03,6,2012,59.27,6,2
22,16,4/22/2012,,10,6,2,3.03,6,2012,25.73,5,2
6,16,4/22/2012,,25,6,2,3.02,6,2012,0.72,5,1
20B,18,4/20/2012,,26,6,2,3,6,2012,8.68,6,3
53A,23,4/15/2012,,27,6,2,2.75,6,2012,41.14,5,2
53B,18,4/20/2012,,28,3,2,2.99,6,2012,42.04,6,3
3C,20,4/18/2012,,29,3,2,2.95,6,2012,0.61,6,3
3A,20,4/18/2012,,30,3,2,2.86,6,2012,42.04,6,2
45A,14,4/24/2012,,31,3,2,2.7,6,2012,,,
56B,22,4/16/2012,,32,6,2,2.56,6,2012,44.9,5,1
56,18,4/20/2012,,33,6,2,2.54,6,2012,0,5,0
20,23,4/15/2012,,34,6,2,2.72,6,2012,3.54,5,2
3B,20,4/18/2012,,35,6,2,3.25,6,2012,49.8,6,1
43C,24,4/14/2012,,36,3,2,3.51,6,2012,42.51,1,1
6,20,4/18/2012,,37,3,2,2.82,6,2012,,6,5
45B,14,4/24/2012,,38,3,2,2.55,6,2012,15.67,7,1
22,22,4/16/2012,,39,6,2,2.72,6,2012,95.31,5,2
56A,22,4/16/2012,,10,3,2,2.55,6,2012,23.14,5,3
23F,10,4/28/2012,,41,1,2,1.11,36,2012,35.7,4,1
5B,10,4/28/2012,,42,5,2,1.22,36,2012,0.37,1,1
23A,10,4/28/2012,,43,1,2,1.07,36,2012,36.99,5,1
23B,10,4/28/2012,,44,5,2,1.23,36,2012,,,
23D,10,4/28/2012,,45,5,2,1.03,36,2012,17.17,1,1
23E,10,4/28/2012,,47,5,2,0.98,36,2012,12.86,2,2
48C,7,5/1/2012,,48,5,2,1.34,36,2012,36.47,6,1
23G,10,4/28/2012,,49,1,2,1.27,36,2012,43.79,5,1
5A,10,4/28/2012,,,5,2,,36,2012,8.85,3,3
39C,10,4/28/2012,,51,5,2,1.23,36,2012,31.18,1,1
48A,10,4/28/2012,,52,5,2,1.74,36,2012,41.8,6,2
48B,10,4/28/2012,,53,5,2,1.87,36,2012,4.7,5,2
39B,7,5/1/2012,,54,1,2,1.32,36,2012,47.22,6,2
48A,7,5/1/2012,,55,1,2,1.5,36,2012,65.61,6,1
39A,10,4/28/2012,,56,1,2,1.33,36,2012,1.73,6,4
37A,7,5/1/2012,,57,1,2,1.47,30,2012,12.54,6,2
23A,7,5/1/2012,,58,1,2,1.2,36,2012,34.06,5,2
5A,10,4/28/2012,,59,1,2,1.24,36,2012,10.1,6,1
20C,32,4/28/2012,,1652,1,3,1.73,6,2012,97.24,7,4
3A,32,4/28/2012,,1653,1,3,2.05,6,2012,64.03,7,2
45A,32,4/28/2012,,1703,1,3,2.16,6,2012,38.68,6,2
20A,32,4/28/2012,,1705,1,3,1.78,6,2012,39.36,7,2
45A,27,5/3/2012,,1706,1,3,2.19,6,2012,53.66,6,1
56A,32,4/28/2012,,1706,1,3,2.67,6,2012,32.71,7,1
9B,32,4/28/2012,,1708,1,3,2.56,6,2012,62.45,7,1
9,34,4/26/2012,,1710,1,3,2.5,6,2012,49.65,7,3
20A,40,4/20/2012,,1711,1,3,2.35,6,2012,6.31,7,1
6,34,4/26/2012,,1927,1,3,2.75,6,2012,111.9,6,5
58,29,5/1/2012,,1810,4,3,1.27,18,2012,58.46,7,7
8C,32,4/28/2012,,1730,4,3,1.64,18,2012,5.53,4,1
26A,29,5/1/2012,,1735,4,3,1.29,18,2012,,,
8B,29,5/1/2012,,1734,4,3,1.47,18,2012,,0,0
17B,32,4/28/2012,,1733,5,3,1.8,18,2012,,,
1A,29,5/1/2012,,1732,3,3,1.9,18,2012,6.85,7,1
2B,32,4/28/2012,,1753,4,3,1.38,18,2012,,,
47B,32,4/28/2012,,1752,4,3,1.51,18,2012,78.38,7,3
1B,32,4/28/2012,,1809,4,3,1.97,18,2012,31.06,5,2
47A,25,5/5/2012,,1747,4,3,1.93,18,2012,46.14,5,2
26B,4,5/26/2012,,1745,3,3,1.08,,2012,31.48,6,4
18C,2,5/28/2012,,1745,3,3,1.58,36,2012,120.18,7,5
18A,4,5/26/2012,,1743,3,3,1.56,36,2012,5.38,6,1
34,2,5/28/2012,,1742,4,3,1.44,,2012,50,1,1
8D,32,4/28/2012,,1808,4,3,1.87,18,2012,42.31,1,1
2B,32,4/28/2012,,1807,3,3,1.7,18,2012,86.34,7,7
47C,27,5/3/2012,,1806,3,3,1.64,18,2012,69.03,7,2
2A,32,4/28/2012,,1805,5,3,1.6,18,2012,9.02,6,2
2,29,5/1/2012,,1804,5,3,1.64,18,2012,,,
34A,29,5/1/2012,,1803,5,3,1.41,18,2012,117.98,7,6
26B,29,5/1/2012,,1802,3,3,1.25,18,2012,,0,0
58,34,4/26/2012,,1832,3,3,1.41,18,2012,89.61,7,4
1B,29,5/1/2012,,1831,3,3,1.38,18,2012,83.65,7,4
26A,27,5/3/2012,,1829,5,3,1.28,18,2012,46.81,5,1
1A,32,4/28/2012,,1828,5,3,1.58,18,2012,32.82,1,1
34B,25,5/5/2012,,1826,3,3,1.22,18,2012,31.47,7,1
26A,32,4/28/2012,,824,5,3,1.22,18,2012,22.13,7,4
34C,29,5/1/2012,,1823,5,3,1.48,18,2012,41.8,7,4
17A,32,4/28/2012,,1822,5,3,1.49,18,2012,0,6,0
8B,32,4/28/2012,,1821,5,3,1.8,18,2012,110.33,4,3
38B,29,5/1/2012,,1737,2,3,1.17,36,2012,9,7,4
23A,25,5/5/2012,,1911,2,3,1.06,36,2012,10.53,2,1
23B,25,5/5/2012,,1906,6,3,0.97,36,2012,,,
23A,25,5/5/2012,,1908,2,3,0.98,36,2012,40.71,7,1
23A,27,5/3/2012,,1907,6,3,0.93,36,2012,91.92,4,2
39A,27,5/3/2012,,1906,6,3,1.04,36,2012,,,
23B,27,5/3/2012,,1921,6,3,1.13,36,2012,90.34,2,1
23D,29,5/1/2012,,1920,2,3,1.05,36,2012,58.15,6,4
39A,29,5/1/2012,,1919,6,3,1.15,36,2012,65.91,5,3
48B,29,5/1/2012,,1917,2,3,1.27,36,2012,17.96,6,2
39C,29,5/1/2012,,1916,2,3,1.51,36,2012,12.01,7,2
5A,29,5/1/2012,,1915,6,3,1.23,36,2012,98.55,6,3
5B,29,5/1/2012,,1913,6,3,0.87,36,2012,,,
38B,27,5/3/2012,,1905,6,3,1.01,36,2012,,,
23D,27,5/3/2012,,1904,2,3,0.92,36,2012,,1,
5B,25,5/5/2012,,1903,6,3,0.86,36,2012,,,
18A,25,5/5/2012,,1902,2,3,0.76,36,2012,49,1,1
38A,27,5/3/2012,,1901,6,3,1.02,36,2012,,,
5C,25,5/5/2012,,1900,2,3,0.92,36,2012,50.53,6,3
23C,27,5/3/2012,,1859,2,3,0.92,36,2012,3.28,6,1
104,18,6/25/2012,,1724,3,4,1.14,,2012,1.93,7,5
107B,16,6/27/2012,,1726,3,4,1.09,,2012,1.18,4,3
110,18,6/25/2012,,1728,3,4,1.02,,2012,3.89,7,4
104,24,6/19/2012,,1730,3,4,1.11,,2012,1.24,4,3
116,18,6/25/2012,,1731,3,4,1.3,,2012,0.1,7,2
102,20,6/23/2012,,1732,3,4,1.25,,2012,1.41,5,4
107,22,6/21/2012,,1734,3,4,0.98,,2012,3.27,8,3
104,16,6/27/2012,,1735,3,4,1.25,,2012,2,7,3
110,14,6/29/2012,,1737,3,4,1.07,,2012,34.7,7,3
107A,21,6/22/2012,,1739,3,4,1.06,,2012,1.72,7,5
101,22,6/21/2012,,1911,1,4,0.64,,2012,4.26,7,3
101,24,6/19/2012,,1912,1,4,0.79,,2012,0.35,1,1
101B,24,6/19/2012,,1913,1,4,0.75,,2012,9.89,7,4
115,27,6/16/2012,,1915,1,4,0.68,,2012,3.07,4,3
101C,24,6/19/2012,,1916,1,4,0.74,,2012,0.7,7,3
112,22,6/21/2012,,1918,1,4,0.63,,2012,0.35,3,1
103,28,6/15/2012,,1920,1,4,0.82,,2012,1.51,4,2
103,24,6/19/2012,,1922,1,4,0.95,,2012,1.07,7,6
112,20,6/23/2012,,1923,1,4,0.63,,2012,33.96,5,3
101,22,6/21/2012,,1928,1,4,0.71,,2012,0.35,5,1
109,26,6/17/2012,,1946,2,4,0.98,,2012,22.33,7,3
105,24,6/19/2012,,1947,2,4,0.98,,2012,31.48,7,4
109B,28,6/15/2012,,1948,2,4,0.56,,2012,1.26,7,5
111,27,6/16/2012,,1950,2,4,1.12,,2012,30.56,7,4
109E,28,6/15/2012,,1952,2,4,0.52,,2012,1.52,6,5
109A,28,6/15/2012,,1954,2,4,0.85,,2012,0.94,5,3
105,27,6/16/2012,,1955,2,4,0.91,,2012,1.6,7,4
109C,28,6/15/2012,,1957,2,4,0.63,,2012,1.85,6,4
109D,28,6/15/2012,,2000,2,4,0.85,,2012,0.47,7,3
